"Data","Último","Abertura","Máxima","Mínima","Vol.","Var%"
"27.10.2024","5,7613","5,7076","5,7667","5,6870","","0,95%"
"20.10.2024","5,7073","5,6920","5,7217","5,6613","","0,28%"
"13.10.2024","5,6912","5,6037","5,6977","5,5798","","1,40%"
"06.10.2024","5,6126","5,4730","5,6334","5,4552","","2,88%"
"29.09.2024","5,4555","5,4424","5,4986","5,4199","","0,42%"
"22.09.2024","5,4329","5,5244","5,5694","5,4197","","-1,40%"
"15.09.2024","5,5103","5,5667","5,5813","5,3933","","-0,97%"
"08.09.2024","5,5640","5,5988","5,6763","5,5425","","-0,63%"
"01.09.2024","5,5990","5,6455","5,6614","5,5276","","-0,20%"
"25.08.2024","5,6103","5,4857","5,6931","5,4714","","2,26%"
"18.08.2024","5,4863","5,4714","5,6053","5,3755","","0,20%"
"11.08.2024","5,4753","5,5064","5,5230","5,4284","","-0,56%"
"04.08.2024","5,5064","5,7297","5,8648","5,4907","","-3,86%"
"28.07.2024","5,7273","5,6658","5,7938","5,6073","","1,27%"
"21.07.2024","5,6557","5,5911","5,6891","5,5348","","1,08%"
"14.07.2024","5,5952","5,4286","5,6087","5,4048","","3,07%"
"07.07.2024","5,4285","5,4594","5,4942","5,3696","","-0,56%"
"30.06.2024","5,4592","5,5911","5,7009","5,4553","","-2,38%"
"23.06.2024","5,5925","5,4300","5,5990","5,3753","","2,99%"
"16.06.2024","5,4302","5,3757","5,4824","5,3709","","1,01%"
"09.06.2024","5,3757","5,3339","5,4293","5,3145","","0,58%"
"02.06.2024","5,3448","5,2455","5,3483","5,2134","","1,92%"
"26.05.2024","5,2443","5,1707","5,2580","5,1346","","1,52%"
"19.05.2024","5,1660","5,1029","5,1761","5,0834","","1,23%"
"12.05.2024","5,1031","5,1579","5,1700","5,0996","","-1,07%"
"05.05.2024","5,1584","5,0722","5,1765","5,0477","","1,70%"
"28.04.2024","5,0722","5,1163","5,1995","5,0431","","-0,84%"
"21.04.2024","5,1151","5,2016","5,2179","5,1079","","-1,68%"
"14.04.2024","5,2027","5,1147","5,2911","5,1026","","1,66%"
"07.04.2024","5,1175","5,0659","5,1478","4,9964","","1,03%"
"31.03.2024","5,0655","5,0138","5,0912","5,0038","","1,00%"
"24.03.2024","5,0153","5,0017","5,0178","4,9649","","0,31%"
"17.03.2024","4,9997","4,9954","5,0547","4,9500","","0,10%"
"10.03.2024","4,9949","4,9825","5,0012","4,9524","","0,29%"
"03.03.2024","4,9806","4,9541","4,9913","4,9305","","0,53%"
"25.02.2024","4,9541","4,9938","4,9987","4,9273","","-0,82%"
"18.02.2024","4,9951","4,9680","4,9972","4,9181","","0,58%"
"11.02.2024","4,9665","4,9536","4,9887","4,9510","","0,30%"
"04.02.2024","4,9517","4,9661","5,0178","4,9495","","-0,37%"
"28.01.2024","4,9699","4,9170","4,9811","4,9052","","1,08%"
"21.01.2024","4,9168","4,9328","5,0015","4,9013","","-0,29%"
"14.01.2024","4,9310","4,8560","4,9552","4,8412","","1,59%"
"07.01.2024","4,8539","4,8766","4,9093","4,8305","","-0,42%"
"31.12.2023","4,8743","4,8526","4,9404","4,8486","","0,46%"
"24.12.2023","4,8521","4,8500","4,8706","4,8015","","-0,13%"
"17.12.2023","4,8585","4,9406","4,9512","4,8473","","-1,59%"
"10.12.2023","4,9371","4,9262","4,9766","4,8742","","0,11%"
"03.12.2023","4,9317","4,8770","4,9673","4,8770","","1,06%"
"26.11.2023","4,8801","4,9045","4,9453","4,8568","","-0,45%"
"19.11.2023","4,9020","4,9010","4,9192","4,8420","","-0,08%"
"12.11.2023","4,9059","4,9005","4,9419","4,8358","","0,09%"
"05.11.2023","4,9013","4,9016","4,9538","4,8577","","0,00%"
"29.10.2023","4,9012","5,0137","5,0714","4,8748","","-2,27%"
"22.10.2023","5,0152","5,0322","5,0537","4,9298","","-0,32%"
"15.10.2023","5,0312","5,0527","5,0981","5,0084","","-0,96%"
"08.10.2023","5,0801","5,1600","5,1806","5,0270","","-1,27%"
"01.10.2023","5,1457","5,0304","5,2202","5,0304","","2,26%"
"24.09.2023","5,0320","4,9316","5,0791","4,9316","","1,96%"
"17.09.2023","4,9351","4,8679","4,9386","4,8380","","1,41%"
"10.09.2023","4,8663","4,9839","4,9861","4,8581","","-2,44%"
"03.09.2023","4,9882","4,9470","4,9945","4,9064","","0,85%"
"27.08.2023","4,9463","4,8709","4,9606","4,8417","","1,54%"
"20.08.2023","4,8711","4,9676","4,9958","4,8453","","-1,98%"
"13.08.2023","4,9694","4,9111","5,0014","4,9098","","1,32%"
"06.08.2023","4,9048","4,8733","4,9409","4,8396","","0,65%"
"30.07.2023","4,8733","4,7296","4,9215","4,7120","","2,95%"
"23.07.2023","4,7336","4,7790","4,7830","4,6940","","-0,96%"
"16.07.2023","4,7795","4,7889","4,8500","4,7594","","-0,21%"
"09.07.2023","4,7894","4,8683","4,9229","4,7749","","-1,70%"
"02.07.2023","4,8720","4,7880","4,9503","4,7588","","1,80%"
"25.06.2023","4,7860","4,7830","4,8740","4,7501","","-0,01%"
"18.06.2023","4,7864","4,8199","4,8310","4,7500","","-0,70%"
"11.06.2023","4,8199","4,8791","4,9001","4,7945","","-1,21%"
"04.06.2023","4,8791","4,9576","4,9759","4,8520","","-1,57%"
"28.05.2023","4,9571","4,9939","5,1273","4,9450","","-0,74%"
"21.05.2023","4,9939","4,9977","5,0442","4,9346","","-0,08%"
"14.05.2023","4,9981","4,9192","5,0026","4,8840","","1,60%"
"07.05.2023","4,9195","4,9528","5,0370","4,9074","","-0,65%"
"30.04.2023","4,9518","4,9867","5,0530","4,9240","","-0,70%"
"23.04.2023","4,9865","5,0469","5,0856","4,9690","","-1,23%"
"16.04.2023","5,0486","4,9096","5,0890","4,8985","","2,83%"
"09.04.2023","4,9096","5,0549","5,0930","4,8914","","-2,87%"
"02.04.2023","5,0549","5,0635","5,0994","5,0159","","-0,16%"
"26.03.2023","5,0631","5,2463","5,2495","5,0540","","-3,49%"
"19.03.2023","5,2463","5,2748","5,3416","5,2020","","-0,60%"
"12.03.2023","5,2778","5,2166","5,3283","5,2098","","1,17%"
"05.03.2023","5,2166","5,1980","5,2211","5,0998","","0,40%"
"26.02.2023","5,1956","5,2066","5,2515","5,1697","","-0,28%"
"19.02.2023","5,2100","5,1674","5,2139","5,1088","","0,82%"
"12.02.2023","5,1674","5,2151","5,2598","5,1275","","-0,91%"
"05.02.2023","5,2151","5,1522","5,3082","5,1320","","1,22%"
"29.01.2023","5,1522","5,1059","5,1587","4,9393","","0,85%"
"22.01.2023","5,1089","5,2074","5,2197","5,0550","","-1,89%"
"15.01.2023","5,2074","5,0945","5,2553","5,0651","","2,19%"
"08.01.2023","5,0956","5,2254","5,3085","5,0675","","-2,48%"
"01.01.2023","5,2254","5,2860","5,4797","5,2181","","-1,15%"
"25.12.2022","5,2860","5,1657","5,3042","5,1529","","2,34%"
"18.12.2022","5,1652","5,3140","5,3396","5,1150","","-2,80%"
"11.12.2022","5,3140","5,2400","5,3723","5,2306","","1,41%"
"04.12.2022","5,2400","5,2160","5,2912","5,1831","","0,40%"
"27.11.2022","5,2189","5,4070","5,4293","5,1612","","-3,53%"
"20.11.2022","5,4098","5,3827","5,4243","5,2786","","0,50%"
"13.11.2022","5,3827","5,3250","5,5297","5,2585","","1,08%"
"06.11.2022","5,3250","5,0557","5,4148","5,0453","","5,33%"
"30.10.2022","5,0557","5,2949","5,4079","5,0180","","-4,52%"
"23.10.2022","5,2949","5,1643","5,3918","5,1643","","2,60%"
"16.10.2022","5,1605","5,3284","5,3303","5,1400","","-3,09%"
"09.10.2022","5,3252","5,1996","5,3810","5,1620","","2,42%"
"02.10.2022","5,1996","5,4154","5,4154","5,1075","","-3,98%"
"25.09.2022","5,4154","5,2599","5,4295","5,2599","","2,96%"
"18.09.2022","5,2595","5,2539","5,3021","5,1049","","0,12%"
"11.09.2022","5,2531","5,1462","5,3098","5,0762","","2,08%"
"04.09.2022","5,1462","5,1654","5,2528","5,1373","","-0,42%"
"28.08.2022","5,1681","5,0599","5,2573","5,0073","","2,13%"
"21.08.2022","5,0601","5,1701","5,2039","5,0529","","-2,12%"
"14.08.2022","5,1697","5,0713","5,2191","5,0713","","1,90%"
"07.08.2022","5,0735","5,1633","5,1704","5,0333","","-1,76%"
"31.07.2022","5,1646","5,1743","5,3155","5,1260","","-0,17%"
"24.07.2022","5,1734","5,4980","5,5005","5,1440","","-5,88%"
"17.07.2022","5,4968","5,4084","5,5143","5,3509","","1,64%"
"10.07.2022","5,4082","5,2536","5,4899","5,2536","","2,94%"
"03.07.2022","5,2536","5,3290","5,4622","5,2495","","-1,45%"
"26.06.2022","5,3310","5,2418","5,3395","5,1745","","1,70%"
"19.06.2022","5,2417","5,1530","5,2756","5,1159","","1,75%"
"12.06.2022","5,1518","4,9888","5,1555","4,9888","","3,31%"
"05.06.2022","4,9865","4,7760","5,0118","4,7464","","4,46%"
"29.05.2022","4,7734","4,7295","4,8317","4,6896","","0,93%"
"22.05.2022","4,7295","4,8788","4,8788","4,7140","","-3,06%"
"15.05.2022","4,8788","5,0635","5,1038","4,8510","","-3,58%"
"08.05.2022","5,0602","5,0776","5,2095","5,0449","","-0,34%"
"01.05.2022","5,0774","4,9687","5,1144","4,8913","","2,12%"
"24.04.2022","4,9721","4,7963","5,0451","4,7963","","3,72%"
"17.04.2022","4,7937","4,6965","4,8390","4,6070","","2,07%"
"10.04.2022","4,6965","4,7054","4,7411","4,6210","","-0,01%"
"03.04.2022","4,6970","4,6588","4,7940","4,5790","","0,85%"
"27.03.2022","4,6575","4,7519","4,8190","4,6518","","-1,78%"
"20.03.2022","4,7420","5,0240","5,0287","4,7290","","-5,60%"
"13.03.2022","5,0231","5,0586","5,1692","4,9915","","-1,01%"
"06.03.2022","5,0745","5,0777","5,1147","4,9810","","0,25%"
"27.02.2022","5,0620","5,1631","5,2223","5,0179","","-1,94%"
"20.02.2022","5,1623","5,1367","5,1800","4,9933","","0,46%"
"13.02.2022","5,1385","5,2545","5,2661","5,1079","","-2,17%"
"06.02.2022","5,2527","5,3253","5,3276","5,1724","","-1,41%"
"30.01.2022","5,3279","5,3686","5,3972","5,2538","","-0,74%"
"23.01.2022","5,3674","5,4516","5,5242","5,3526","","-1,66%"
"16.01.2022","5,4582","5,5339","5,5824","5,3780","","-1,38%"
"09.01.2022","5,5344","5,6333","5,6921","5,4996","","-1,79%"
"02.01.2022","5,6355","5,5663","5,7250","5,5561","","1,17%"
"26.12.2021","5,5703","5,6696","5,7100","5,5459","","-1,84%"
"19.12.2021","5,6750","5,7126","5,7570","5,6250","","-0,37%"
"12.12.2021","5,6959","5,6100","5,7357","5,6005","","1,48%"
"05.12.2021","5,6127","5,6524","5,7025","5,5170","","-0,72%"
"28.11.2021","5,6532","5,6073","5,6955","5,5760","","0,78%"
"21.11.2021","5,6093","5,6005","5,6630","5,5473","","-0,07%"
"14.11.2021","5,6135","5,4562","5,6143","5,4290","","2,83%"
"07.11.2021","5,4588","5,5662","5,5974","5,3870","","-1,52%"
"31.10.2021","5,5428","5,6216","5,6990","5,5010","","-1,67%"
"24.10.2021","5,6372","5,6523","5,6632","5,5360","","-0,18%"
"17.10.2021","5,6474","5,4568","5,7543","5,4568","","3,41%"
"10.10.2021","5,4611","5,5061","5,5731","5,4330","","-0,86%"
"03.10.2021","5,5082","5,3609","5,5369","5,3609","","2,71%"
"26.09.2021","5,3628","5,3377","5,4763","5,3060","","0,53%"
"19.09.2021","5,3344","5,2844","5,3775","5,2490","","0,87%"
"12.09.2021","5,2883","5,2475","5,3465","5,1970","","0,82%"
"05.09.2021","5,2454","5,1910","5,3339","5,1542","","1,05%"
"29.08.2021","5,1908","5,1996","5,2258","5,1150","","-0,17%"
"22.08.2021","5,1996","5,3785","5,4016","5,1860","","-3,30%"
"15.08.2021","5,3770","5,2429","5,4750","5,2278","","2,49%"
"08.08.2021","5,2466","5,2310","5,2986","5,1630","","0,32%"
"01.08.2021","5,2301","5,2143","5,2750","5,1093","","0,34%"
"25.07.2021","5,2123","5,2041","5,2294","5,0400","","0,22%"
"18.07.2021","5,2006","5,1178","5,2946","5,1178","","1,68%"
"11.07.2021","5,1147","5,2571","5,2839","5,0520","","-2,72%"
"04.07.2021","5,2579","5,0534","5,3139","5,0444","","3,96%"
"27.06.2021","5,0575","4,9297","5,0735","4,9163","","2,51%"
"20.06.2021","4,9335","5,0736","5,0810","4,8922","","-3,06%"
"13.06.2021","5,0894","5,1142","5,1180","4,9810","","-0,54%"
"06.06.2021","5,1171","5,0456","5,1386","5,0167","","1,34%"
"30.05.2021","5,0495","5,2215","5,2625","5,0310","","-3,35%"
"23.05.2021","5,2244","5,3650","5,3731","5,2083","","-2,56%"
"16.05.2021","5,3617","5,2714","5,3707","5,2285","","1,69%"
"09.05.2021","5,2728","5,2329","5,3323","5,1950","","0,69%"
"02.05.2021","5,2368","5,4357","5,4834","5,2016","","-3,68%"
"25.04.2021","5,4366","5,4745","5,4896","5,3267","","-0,70%"
"18.04.2021","5,4751","5,5865","5,6216","5,4229","","-2,03%"
"11.04.2021","5,5883","5,6814","5,7556","5,5647","","-1,65%"
"04.04.2021","5,6821","5,7096","5,7096","5,5374","","-0,45%"
"28.03.2021","5,7075","5,7536","5,8063","5,6069","","-0,85%"
"21.03.2021","5,7566","5,5077","5,7581","5,4627","","4,82%"
"14.03.2021","5,4917","5,5486","5,6819","5,4475","","-1,08%"
"07.03.2021","5,5518","5,6888","5,8785","5,5248","","-2,44%"
"28.02.2021","5,6908","5,5860","5,7725","5,5433","","1,65%"
"21.02.2021","5,5986","5,5120","5,6086","5,3886","","4,02%"
"14.02.2021","5,3823","5,3680","5,4701","5,3656","","0,23%"
"07.02.2021","5,3698","5,4030","5,4473","5,3030","","-0,01%"
"31.01.2021","5,3704","5,4649","5,4856","5,3189","","-1,69%"
"24.01.2021","5,4625","5,4665","5,5052","5,3109","","-0,07%"
"17.01.2021","5,4666","5,3007","5,4868","5,2310","","3,29%"
"10.01.2021","5,2927","5,4656","5,5159","5,1903","","-2,31%"
"03.01.2021","5,4178","5,1336","5,4398","5,1194","","4,31%"
"27.12.2020","5,1937","5,1774","5,3117","5,1510","","-0,44%"
"20.12.2020","5,2165","5,2006","5,2240","5,1085","","2,24%"
"13.12.2020","5,1022","5,0373","5,1430","5,0094","","0,72%"
"06.12.2020","5,0656","5,1595","5,1974","5,0136","","-1,75%"
"29.11.2020","5,1557","5,2888","5,3968","5,1160","","-3,52%"
"22.11.2020","5,3438","5,3770","5,4501","5,2950","","-0,67%"
"15.11.2020","5,3797","5,4130","5,4581","5,2735","","-1,44%"
"08.11.2020","5,4582","5,2736","5,5257","5,2229","","1,74%"
"01.11.2020","5,3647","5,7425","5,7660","5,3583","","-6,61%"
"25.10.2020","5,7446","5,6548","5,8077","5,5980","","2,26%"
"18.10.2020","5,6175","5,6453","5,6493","5,5460","","-0,45%"
"11.10.2020","5,6428","5,5248","5,6543","5,5200","","2,01%"
"04.10.2020","5,5318","5,6495","5,6767","5,4823","","-2,70%"
"27.09.2020","5,6851","5,5132","5,6921","5,5121","","2,21%"
"20.09.2020","5,5624","5,4505","5,6236","5,3820","","3,24%"
"13.09.2020","5,3876","5,3174","5,3981","5,2095","","1,29%"
"06.09.2020","5,3189","5,3590","5,4090","5,2572","","0,33%"
"30.08.2020","5,3012","5,3847","5,4950","5,2460","","-1,61%"
"23.08.2020","5,3881","5,5760","5,6333","5,3845","","-4,11%"
"16.08.2020","5,6192","5,4407","5,6725","5,4081","","3,67%"
"09.08.2020","5,4204","5,4393","5,4921","5,3480","","-0,33%"
"02.08.2020","5,4383","5,2220","5,4385","5,2110","","4,10%"
"26.07.2020","5,2240","5,2329","5,2329","5,1135","","-0,17%"
"19.07.2020","5,2329","5,3860","5,3903","5,0820","","-2,82%"
"12.07.2020","5,3849","5,3120","5,4537","5,2913","","1,15%"
"05.07.2020","5,3238","5,3140","5,4007","5,2440","","0,15%"
"28.06.2020","5,3158","5,4844","5,5074","5,2650","","-3,07%"
"21.06.2020","5,4840","5,2901","5,4921","5,1330","","3,27%"
"14.06.2020","5,3105","5,1311","5,3875","5,0465","","5,15%"
"07.06.2020","5,0505","4,9607","5,1107","4,8165","","1,86%"
"31.05.2020","4,9585","5,3330","5,4187","4,9315","","-7,08%"
"24.05.2020","5,3361","5,4930","5,5297","5,2682","","-3,57%"
"17.05.2020","5,5338","5,8562","5,8562","5,5224","","-5,49%"
"10.05.2020","5,8554","5,7808","5,9708","5,7410","","2,15%"
"03.05.2020","5,7319","5,6130","5,8760","5,4812","","4,49%"
"26.04.2020","5,4856","5,5413","5,7250","5,3300","","-1,88%"
"19.04.2020","5,5907","5,2846","5,7472","5,2636","","6,77%"
"12.04.2020","5,2363","5,1206","5,2753","5,1035","","2,55%"
"05.04.2020","5,1063","5,2986","5,3103","5,0484","","-4,57%"
"29.03.2020","5,3506","5,1169","5,3531","5,1119","","4,92%"
"22.03.2020","5,0997","5,0613","5,1462","4,9713","","0,73%"
"15.03.2020","5,0627","4,8590","5,2540","4,8590","","4,21%"
"08.03.2020","4,8580","4,7586","5,0278","4,6338","","4,99%"
"01.03.2020","4,6269","4,4946","4,6710","4,4514","","3,43%"
"23.02.2020","4,4733","4,3878","4,5136","4,3870","","1,91%"
"16.02.2020","4,3895","4,2997","4,4064","4,2966","","2,14%"
"09.02.2020","4,2974","4,3200","4,3829","4,2900","","-0,53%"
"02.02.2020","4,3203","4,2802","4,3234","4,2079","","0,89%"
"26.01.2020","4,2820","4,1832","4,2901","4,1796","","2,41%"
"19.01.2020","4,1814","4,1650","4,2171","4,1548","","0,48%"
"12.01.2020","4,1616","4,0892","4,2003","4,0874","","1,60%"
"05.01.2020","4,0960","4,0563","4,1043","4,0394","","0,72%"
"29.12.2019","4,0669","4,0480","4,0715","4,0029","","0,53%"
"22.12.2019","4,0456","4,1013","4,1013","4,0336","","-1,38%"
"15.12.2019","4,1022","4,1092","4,1092","4,0459","","-0,14%"
"08.12.2019","4,1080","4,1414","4,1605","4,0748","","-0,80%"
"01.12.2019","4,1411","4,2361","4,2532","4,1327","","-2,25%"
"24.11.2019","4,2364","4,1986","4,2770","4,1821","","0,96%"
"17.11.2019","4,1962","4,1777","4,2238","4,1690","","0,01%"
"10.11.2019","4,1957","4,1664","4,1986","4,1349","","0,78%"
"03.11.2019","4,1633","3,9882","4,1705","3,9739","","4,35%"
"27.10.2019","3,9897","4,0018","4,0373","3,9628","","-0,33%"
"20.10.2019","4,0029","4,1106","4,1516","3,9904","","-2,62%"
"13.10.2019","4,1105","4,1063","4,1865","4,1063","","0,03%"
"06.10.2019","4,1094","4,0560","4,1371","4,0558","","1,34%"
"29.09.2019","4,0551","4,1613","4,1850","4,0491","","-2,52%"
"22.09.2019","4,1599","4,1487","4,1942","4,1204","","0,31%"
"15.09.2019","4,1472","4,0845","4,1833","4,0704","","1,55%"
"08.09.2019","4,0840","4,0629","4,1292","4,0260","","0,57%"
"01.09.2019","4,0607","4,1430","4,1887","4,0520","","-2,02%"
"25.08.2019","4,1445","4,1190","4,1942","4,1020","","0,60%"
"18.08.2019","4,1196","4,0020","4,1318","3,9893","","2,85%"
"11.08.2019","4,0054","3,9391","4,0535","3,9380","","1,64%"
"04.08.2019","3,9406","3,8854","3,9922","3,8854","","1,35%"
"28.07.2019","3,8883","3,7747","3,8927","3,7470","","2,99%"
"21.07.2019","3,7753","3,7452","3,8061","3,7285","","0,73%"
"14.07.2019","3,7481","3,7355","3,7709","3,7172","","0,33%"
"07.07.2019","3,7358","3,8150","3,8169","3,7289","","-2,24%"
"30.06.2019","3,8215","3,8373","3,8812","3,7834","","-0,79%"
"23.06.2019","3,8518","3,8220","3,8733","3,8066","","0,86%"
"16.06.2019","3,8190","3,8977","3,9249","3,8127","","-1,97%"
"09.06.2019","3,8956","3,8760","3,9139","3,8296","","0,47%"
"02.06.2019","3,8774","3,9232","3,9344","3,8365","","-1,13%"
"26.05.2019","3,9218","4,0131","4,0541","3,9086","","-2,47%"
"19.05.2019","4,0213","4,1013","4,1221","4,0068","","-1,91%"
"12.05.2019","4,0997","3,9771","4,1133","3,9660","","3,62%"
"05.05.2019","3,9566","3,9383","4,0003","3,9252","","0,48%"
"28.04.2019","3,9378","3,9300","3,9721","3,9128","","0,23%"
"21.04.2019","3,9288","3,9270","4,0065","3,9121","","0,07%"
"14.04.2019","3,9260","3,8819","3,9518","3,8591","","1,15%"
"07.04.2019","3,8812","3,8728","3,9081","3,8147","","0,21%"
"31.03.2019","3,8730","3,8897","3,8930","3,8328","","-1,29%"
"24.03.2019","3,9238","3,9041","4,0160","3,8335","","0,44%"
"17.03.2019","3,9066","3,8173","3,9167","3,7381","","2,45%"
"10.03.2019","3,8131","3,8667","3,8719","3,7996","","-1,38%"
"03.03.2019","3,8666","3,7747","3,9037","3,7745","","2,43%"
"24.02.2019","3,7749","3,7476","3,7964","3,7173","","0,71%"
"17.02.2019","3,7482","3,7020","3,7724","3,6905","","1,28%"
"10.02.2019","3,7007","3,7322","3,7956","3,6990","","-0,76%"
"03.02.2019","3,7290","3,6597","3,7483","3,6595","","1,90%"
"27.01.2019","3,6596","3,7785","3,7878","3,6363","","-2,92%"
"20.01.2019","3,7695","3,7604","3,8170","3,7374","","0,51%"
"13.01.2019","3,7502","3,7113","3,7746","3,6839","","1,06%"
"06.01.2019","3,7108","3,7144","3,7423","3,6749","","-0,12%"
"30.12.2018","3,7154","3,8793","3,8976","3,7093","","-4,25%"
"23.12.2018","3,8804","3,9040","3,9461","3,8298","","-0,60%"
"16.12.2018","3,9039","3,9174","3,9293","3,8331","","-0,33%"
"09.12.2018","3,9170","3,9075","3,9460","3,8364","","0,25%"
"02.12.2018","3,9074","3,8669","3,9436","3,8149","","1,07%"
"25.11.2018","3,8662","3,8187","3,9448","3,8170","","1,00%"
"18.11.2018","3,8280","3,7473","3,8309","3,7420","","2,26%"
"11.11.2018","3,7434","3,7498","3,8317","3,7301","","0,27%"
"04.11.2018","3,7334","3,6967","3,7880","3,6913","","1,00%"
"28.10.2018","3,6965","3,6430","3,7450","3,5817","","1,48%"
"21.10.2018","3,6426","3,6946","3,7469","3,6397","","-1,92%"
"14.10.2018","3,7140","3,7569","3,7648","3,6644","","-1,81%"
"07.10.2018","3,7825","3,7283","3,7915","3,7010","","-1,51%"
"30.09.2018","3,8406","4,0496","4,0637","3,8221","","-5,12%"
"23.09.2018","4,0477","4,0652","4,1421","3,9669","","-0,08%"
"16.09.2018","4,0511","4,1736","4,2041","4,0276","","-2,94%"
"09.09.2018","4,1739","4,0679","4,2109","4,0516","","2,82%"
"02.09.2018","4,0594","4,0921","4,1916","4,0362","","0,12%"
"26.08.2018","4,0545","4,1066","4,2151","4,0472","","-1,14%"
"19.08.2018","4,1012","3,9132","4,1326","3,9132","","4,87%"
"12.08.2018","3,9108","3,8582","3,9532","3,8582","","1,36%"
"05.08.2018","3,8584","3,7053","3,8744","3,6902","","4,08%"
"29.07.2018","3,7070","3,7146","3,7822","3,6960","","-0,08%"
"22.07.2018","3,7099","3,7659","3,8035","3,6879","","-1,52%"
"15.07.2018","3,7671","3,8508","3,8927","3,7580","","-2,19%"
"08.07.2018","3,8514","3,8650","3,9028","3,7935","","-0,28%"
"01.07.2018","3,8624","3,8781","3,9533","3,8593","","-0,36%"
"24.06.2018","3,8765","3,7877","3,8802","3,7610","","2,41%"
"17.06.2018","3,7852","3,7301","3,8042","3,7060","","1,50%"
"10.06.2018","3,7294","3,7092","3,8157","3,6677","","0,55%"
"03.06.2018","3,7091","3,7661","3,9678","3,6930","","-1,43%"
"27.05.2018","3,7630","3,6512","3,7707","3,6510","","3,06%"
"20.05.2018","3,6514","3,7383","3,7389","3,6160","","-2,26%"
"13.05.2018","3,7360","3,5991","3,7768","3,5726","","3,80%"
"06.05.2018","3,5991","3,5307","3,6127","3,5307","","1,98%"
"29.04.2018","3,5291","3,4574","3,5676","3,4574","","2,12%"
"22.04.2018","3,4559","3,4137","3,5159","3,4137","","1,27%"
"15.04.2018","3,4124","3,4255","3,4362","3,3732","","-0,28%"
"08.04.2018","3,4220","3,3690","3,4362","3,3631","","1,58%"
"01.04.2018","3,3689","3,3045","3,3807","3,2954","","1,95%"
"25.03.2018","3,3046","3,3140","3,3466","3,2924","","-0,22%"
"18.03.2018","3,3119","3,2786","3,3194","3,2638","","0,95%"
"11.03.2018","3,2807","3,2553","3,2997","3,2374","","0,80%"
"04.03.2018","3,2548","3,2528","3,2710","3,2057","","0,08%"
"25.02.2018","3,2523","3,2379","3,2717","3,2218","","0,46%"
"18.02.2018","3,2374","3,2315","3,2738","3,2218","","0,20%"
"11.02.2018","3,2310","3,2957","3,2974","3,1983","","-1,91%"
"04.02.2018","3,2939","3,2185","3,3189","3,2136","","2,36%"
"28.01.2018","3,2180","3,1534","3,2237","3,1458","","2,13%"
"21.01.2018","3,1509","3,1967","3,2445","3,1198","","-1,41%"
"14.01.2018","3,1961","3,2060","3,2390","3,1918","","-0,32%"
"07.01.2018","3,2063","3,2292","3,2559","3,1995","","-0,70%"
"31.12.2017","3,2288","3,3135","3,3135","3,2218","","-2,52%"
"24.12.2017","3,3121","3,3376","3,3376","3,2920","","-0,74%"
"17.12.2017","3,3369","3,2949","3,3403","3,2784","","1,28%"
"10.12.2017","3,2946","3,2912","3,3482","3,2729","","0,09%"
"03.12.2017","3,2918","3,2581","3,3187","3,2199","","1,04%"
"26.11.2017","3,2580","3,2330","3,2887","3,2005","","0,78%"
"19.11.2017","3,2329","3,2574","3,2665","3,2188","","-0,75%"
"12.11.2017","3,2573","3,2822","3,3180","3,2548","","-0,63%"
"05.11.2017","3,2778","3,3144","3,3144","3,2362","","-1,10%"
"29.10.2017","3,3142","3,2366","3,3354","3,2346","","2,42%"
"22.10.2017","3,2360","3,1930","3,3031","3,1895","","1,37%"
"15.10.2017","3,1923","3,1450","3,1979","3,1437","","1,51%"
"08.10.2017","3,1447","3,1558","3,1898","3,1439","","-0,35%"
"01.10.2017","3,1558","3,1641","3,1786","3,1221","","-0,18%"
"24.09.2017","3,1614","3,1324","3,2004","3,1260","","1,19%"
"17.09.2017","3,1243","3,1107","3,1470","3,1080","","0,53%"
"10.09.2017","3,1079","3,0905","3,1504","3,0789","","0,69%"
"03.09.2017","3,0865","3,1410","3,1452","3,0821","","-1,73%"
"27.08.2017","3,1409","3,1587","3,1767","3,1223","","-0,59%"
"20.08.2017","3,1595","3,1493","3,1907","3,1328","","0,42%"
"13.08.2017","3,1462","3,1762","3,2062","3,1405","","-1,48%"
"06.08.2017","3,1934","3,1316","3,2208","3,1190","","2,01%"
"30.07.2017","3,1305","3,1330","3,1444","3,1074","","-0,04%"
"23.07.2017","3,1316","3,1400","3,1774","3,1288","","-0,32%"
"16.07.2017","3,1416","3,1804","3,1879","3,1102","","-1,19%"
"09.07.2017","3,1794","3,2799","3,2813","3,1781","","-3,11%"
"02.07.2017","3,2813","3,3194","3,3317","3,2679","","-0,78%"
"25.06.2017","3,3072","3,3453","3,3453","3,2708","","-1,07%"
"18.06.2017","3,3430","3,2901","3,3488","3,2801","","1,51%"
"11.06.2017","3,2933","3,2967","3,3340","3,2641","","-0,12%"
"04.06.2017","3,2971","3,2471","3,3026","3,2471","","1,50%"
"28.05.2017","3,2483","3,2670","3,2774","3,2151","","-0,36%"
"21.05.2017","3,2601","3,2533","3,3190","3,2470","","0,22%"
"14.05.2017","3,2530","3,1224","3,4093","3,0873","","4,20%"
"07.05.2017","3,1218","3,1753","3,2077","3,1164","","-1,75%"
"30.04.2017","3,1774","3,1774","3,1968","3,1413","","0,02%"
"23.04.2017","3,1767","3,1505","3,2149","3,1181","","0,91%"
"16.04.2017","3,1482","3,1448","3,1711","3,0878","","0,11%"
"09.04.2017","3,1448","3,1465","3,1599","3,1145","","-0,04%"
"02.04.2017","3,1462","3,1231","3,1593","3,0801","","0,73%"
"26.03.2017","3,1233","3,1077","3,1785","3,1073","","0,47%"
"19.03.2017","3,1086","3,0927","3,1514","3,0606","","0,54%"
"12.03.2017","3,0918","3,1387","3,1829","3,0876","","-1,52%"
"05.03.2017","3,1395","3,1158","3,1996","3,1012","","0,76%"
"26.02.2017","3,1158","3,1115","3,1633","3,0905","","0,15%"
"19.02.2017","3,1110","3,1019","3,1195","3,0524","","0,20%"
"12.02.2017","3,1048","3,1147","3,1285","3,0396","","-0,35%"
"05.02.2017","3,1158","3,1193","3,1376","3,1057","","-0,06%"
"29.01.2017","3,1177","3,1391","3,1631","3,1013","","-0,74%"
"22.01.2017","3,1410","3,1695","3,1954","3,1398","","-0,88%"
"15.01.2017","3,1690","3,2236","3,2445","3,1689","","-1,62%"
"08.01.2017","3,2213","3,2250","3,2323","3,1528","","-0,09%"
"01.01.2017","3,2241","3,2534","3,2923","3,1871","","-0,94%"
"25.12.2016","3,2547","3,2720","3,2969","3,2416","","-0,50%"
"18.12.2016","3,2710","3,3920","3,4037","3,2575","","-3,57%"
"11.12.2016","3,3920","3,3775","3,4126","3,3017","","0,40%"
"04.12.2016","3,3785","3,4765","3,4821","3,3525","","-2,79%"
"27.11.2016","3,4755","3,4215","3,4928","3,3756","","1,55%"
"20.11.2016","3,4223","3,3838","3,4687","3,3288","","1,15%"
"13.11.2016","3,3835","3,3927","3,4750","3,3715","","-0,24%"
"06.11.2016","3,3915","3,2348","3,5086","3,1630","","4,88%"
"30.10.2016","3,2337","3,2045","3,2649","3,1638","","0,85%"
"23.10.2016","3,2065","3,1515","3,2078","3,1026","","1,76%"
"16.10.2016","3,1511","3,2066","3,2180","3,1348","","-1,68%"
"09.10.2016","3,2051","3,2227","3,2279","3,1647","","-0,48%"
"02.10.2016","3,2204","3,2630","3,2639","3,1920","","-1,22%"
"25.09.2016","3,2603","3,2450","3,2706","3,2137","","0,47%"
"18.09.2016","3,2450","3,2632","3,2792","3,1813","","-0,53%"
"11.09.2016","3,2622","3,2724","3,3681","3,2409","","-0,35%"
"04.09.2016","3,2735","3,2573","3,2864","3,1658","","0,51%"
"28.08.2016","3,2568","3,2663","3,2918","3,2163","","-0,27%"
"21.08.2016","3,2655","3,2070","3,2795","3,1849","","1,93%"
"14.08.2016","3,2038","3,1918","3,2515","3,1564","","0,35%"
"07.08.2016","3,1925","3,1644","3,1950","3,1130","","0,84%"
"31.07.2016","3,1660","3,2496","3,2936","3,1602","","-2,54%"
"24.07.2016","3,2486","3,2568","3,2999","3,2283","","-0,24%"
"17.07.2016","3,2565","3,2764","3,2965","3,2378","","-0,78%"
"10.07.2016","3,2820","3,2999","3,3201","3,2172","","-0,56%"
"03.07.2016","3,3006","3,2336","3,3720","3,2301","","1,99%"
"26.06.2016","3,2361","3,3725","3,4167","3,1831","","-4,08%"
"19.06.2016","3,3739","3,4177","3,4507","3,3318","","-1,24%"
"12.06.2016","3,4163","3,4195","3,5157","3,4134","","-0,07%"
"05.06.2016","3,4188","3,5278","3,5297","3,3565","","-2,99%"
"29.05.2016","3,5240","3,6114","3,6381","3,5215","","-2,43%"
"22.05.2016","3,6116","3,5206","3,6303","3,5132","","2,60%"
"15.05.2016","3,5202","3,5316","3,6191","3,4819","","-0,39%"
"08.05.2016","3,5340","3,5025","3,6770","3,4361","","0,91%"
"01.05.2016","3,5023","3,4364","3,5835","3,4341","","1,94%"
"24.04.2016","3,4358","3,5648","3,5701","3,4289","","-3,61%"
"17.04.2016","3,5646","3,5318","3,6188","3,4717","","0,89%"
"10.04.2016","3,5332","3,5869","3,5918","3,4574","","-1,58%"
"03.04.2016","3,5901","3,5536","3,7200","3,5470","","1,02%"
"27.03.2016","3,5538","3,6869","3,6889","3,5326","","-3,52%"
"20.03.2016","3,6835","3,6245","3,7217","3,5743","","1,64%"
"13.03.2016","3,6240","3,5828","3,8540","3,5732","","1,17%"
"06.03.2016","3,5820","3,7582","3,8031","3,5725","","-4,72%"
"28.02.2016","3,7593","3,9940","4,0236","3,6537","","-5,86%"
"21.02.2016","3,9933","4,0206","4,0235","3,9205","","-0,70%"
"14.02.2016","4,0214","4,0027","4,0791","3,9672","","0,47%"
"07.02.2016","4,0027","3,9037","4,0164","3,8820","","2,54%"
"31.01.2016","3,9035","3,9992","4,0280","3,8453","","-2,38%"
"24.01.2016","3,9988","4,0946","4,1251","3,9928","","-2,34%"
"17.01.2016","4,0945","4,0484","4,1738","3,9985","","1,15%"
"10.01.2016","4,0479","4,0245","4,0677","3,9707","","0,58%"
"03.01.2016","4,0245","3,9608","4,0749","3,9590","","1,61%"
"27.12.2015","3,9608","3,9463","4,0200","3,8402","","0,37%"
"20.12.2015","3,9463","3,9823","4,0424","3,9336","","-0,91%"
"13.12.2015","3,9824","3,8730","3,9858","3,8504","","2,82%"
"06.12.2015","3,8730","3,7540","3,8908","3,7165","","3,22%"
"29.11.2015","3,7521","3,8461","3,9243","3,7243","","-2,45%"
"22.11.2015","3,8464","3,7053","3,8491","3,6937","","3,81%"
"15.11.2015","3,7052","3,8453","3,8621","3,7046","","-3,65%"
"08.11.2015","3,8456","3,7713","3,8515","3,7058","","1,97%"
"01.11.2015","3,7713","3,8562","3,8743","3,7425","","-2,21%"
"25.10.2015","3,8564","3,8792","3,9567","3,8241","","-0,63%"
"18.10.2015","3,8807","3,9239","3,9675","3,8466","","-1,12%"
"11.10.2015","3,9245","3,7630","3,9542","3,7552","","4,21%"
"04.10.2015","3,7660","3,9329","3,9516","3,7233","","-4,25%"
"27.09.2015","3,9331","3,9761","4,1548","3,9234","","-1,12%"
"20.09.2015","3,9777","3,9433","4,2491","3,8823","","0,81%"
"13.09.2015","3,9459","3,8733","3,9629","3,8060","","1,95%"
"06.09.2015","3,8705","3,8424","3,9166","3,7643","","0,68%"
"30.08.2015","3,8442","3,5812","3,8617","3,5808","","7,31%"
"23.08.2015","3,5823","3,4998","3,6571","3,4992","","2,33%"
"16.08.2015","3,5007","3,4878","3,5235","3,4488","","0,46%"
"09.08.2015","3,4845","3,5073","3,5294","3,4349","","-0,64%"
"02.08.2015","3,5071","3,4225","3,5711","3,4209","","2,51%"
"26.07.2015","3,4212","3,3541","3,4355","3,3129","","1,95%"
"19.07.2015","3,3556","3,1885","3,3580","3,1639","","5,25%"
"12.07.2015","3,1881","3,1593","3,2039","3,1132","","0,91%"
"05.07.2015","3,1593","3,1341","3,2438","3,1303","","0,78%"
"28.06.2015","3,1347","3,1300","3,1591","3,0861","","0,17%"
"21.06.2015","3,1295","3,0958","3,1433","3,0623","","1,03%"
"14.06.2015","3,0976","3,1190","3,1418","3,0305","","-0,67%"
"07.06.2015","3,1185","3,1433","3,1727","3,0625","","-0,81%"
"31.05.2015","3,1439","3,1785","3,2145","3,1021","","-1,13%"
"24.05.2015","3,1798","3,0957","3,1973","3,0891","","2,74%"
"17.05.2015","3,0949","2,9966","3,1007","2,9947","","3,26%"
"10.05.2015","2,9972","2,9760","3,0788","2,9714","","0,80%"
"03.05.2015","2,9733","3,0163","3,0965","2,9733","","-1,37%"
"26.04.2015","3,0146","2,9516","3,0215","2,8827","","2,13%"
"19.04.2015","2,9517","3,0529","3,0584","2,9501","","-2,93%"
"12.04.2015","3,0409","3,0745","3,1286","2,9988","","-1,13%"
"05.04.2015","3,0756","3,1211","3,1489","3,0232","","-1,45%"
"29.03.2015","3,1210","3,2493","3,2885","3,1178","","-3,96%"
"22.03.2015","3,2496","3,2287","3,2500","3,0923","","0,63%"
"15.03.2015","3,2293","3,2493","3,3176","3,1898","","-0,61%"
"08.03.2015","3,2492","3,0615","3,2813","3,0590","","6,12%"
"01.03.2015","3,0617","2,8392","3,0732","2,8392","","7,84%"
"22.02.2015","2,8390","2,8680","2,9214","2,8267","","-1,01%"
"15.02.2015","2,8680","2,8343","2,8863","2,8284","","1,18%"
"08.02.2015","2,8346","2,7828","2,8834","2,7652","","1,87%"
"01.02.2015","2,7825","2,6824","2,7852","2,6660","","3,73%"
"25.01.2015","2,6824","2,5795","2,6930","2,5655","","3,98%"
"18.01.2015","2,5797","2,6216","2,6650","2,5502","","-1,58%"
"11.01.2015","2,6210","2,6305","2,6827","2,5945","","-0,35%"
"04.01.2015","2,6301","2,6933","2,7306","2,6263","","-2,38%"
"28.12.2014","2,6941","2,6685","2,7133","2,6411","","0,96%"
"21.12.2014","2,6685","2,6603","2,7101","2,6445","","0,33%"
"14.12.2014","2,6598","2,6546","2,7605","2,6398","","0,20%"
"07.12.2014","2,6545","2,5896","2,6780","2,5844","","2,51%"
"30.11.2014","2,5895","2,5654","2,6098","2,5433","","0,92%"
"23.11.2014","2,5659","2,5160","2,5829","2,4954","","2,01%"
"16.11.2014","2,5153","2,6006","2,6190","2,5082","","-3,32%"
"09.11.2014","2,6018","2,5593","2,6301","2,5320","","1,68%"
"02.11.2014","2,5587","2,4787","2,5897","2,4539","","3,24%"
"26.10.2014","2,4783","2,4737","2,5595","2,3932","","0,18%"
"19.10.2014","2,4739","2,4359","2,5186","2,4359","","1,57%"
"12.10.2014","2,4356","2,4294","2,5065","2,3799","","0,25%"
"05.10.2014","2,4295","2,4581","2,4581","2,3563","","-1,19%"
"28.09.2014","2,4588","2,4207","2,5079","2,4207","","1,60%"
"21.09.2014","2,4200","2,3677","2,4436","2,3628","","2,19%"
"14.09.2014","2,3682","2,3393","2,3860","2,3159","","1,24%"
"07.09.2014","2,3392","2,2438","2,3468","2,2396","","4,41%"
"31.08.2014","2,2405","2,2362","2,2571","2,2251","","0,20%"
"24.08.2014","2,2360","2,2775","2,2910","2,2331","","-1,84%"
"17.08.2014","2,2778","2,2599","2,2847","2,2468","","0,80%"
"10.08.2014","2,2598","2,2824","2,2885","2,2565","","-0,94%"
"03.08.2014","2,2812","2,2603","2,3081","2,2479","","1,05%"
"27.07.2014","2,2574","2,2297","2,2849","2,2215","","1,27%"
"20.07.2014","2,2290","2,2250","2,2333","2,2065","","0,16%"
"13.07.2014","2,2255","2,2215","2,2612","2,2099","","0,21%"
"06.07.2014","2,2208","2,2134","2,2287","2,2075","","0,34%"
"29.06.2014","2,2132","2,1936","2,2451","2,1936","","0,88%"
"22.06.2014","2,1940","2,2298","2,2351","2,1869","","-1,59%"
"15.06.2014","2,2295","2,2238","2,2646","2,2230","","0,24%"
"08.06.2014","2,2241","2,2449","2,2460","2,2212","","-1,04%"
"01.06.2014","2,2475","2,2415","2,2921","2,2390","","0,30%"
"25.05.2014","2,2408","2,2219","2,2474","2,2157","","0,78%"
"18.05.2014","2,2235","2,2159","2,2266","2,2003","","0,40%"
"11.05.2014","2,2146","2,2180","2,2285","2,2010","","0,08%"
"04.05.2014","2,2128","2,2299","2,2493","2,1995","","-0,32%"
"27.04.2014","2,2200","2,2421","2,2583","2,2054","","-1,09%"
"20.04.2014","2,2445","2,2370","2,2507","2,2118","","0,33%"
"13.04.2014","2,2372","2,2172","2,2555","2,2055","","0,85%"
"06.04.2014","2,2184","2,2372","2,2496","2,1820","","-0,79%"
"30.03.2014","2,2360","2,2636","2,2889","2,2348","","-1,14%"
"23.03.2014","2,2618","2,3241","2,3348","2,2484","","-2,70%"
"16.03.2014","2,3246","2,3476","2,3604","2,3156","","-0,93%"
"09.03.2014","2,3465","2,3457","2,3766","2,3263","","0,25%"
"02.03.2014","2,3406","2,3384","2,3498","2,2992","","0,09%"
"23.02.2014","2,3384","2,3468","2,3571","2,3178","","-0,31%"
"16.02.2014","2,3456","2,3853","2,4124","2,3417","","-1,82%"
"09.02.2014","2,3891","2,3810","2,4339","2,3788","","0,37%"
"02.02.2014","2,3802","2,4127","2,4405","2,3695","","-1,35%"
"26.01.2014","2,4127","2,4005","2,4506","2,3900","","0,60%"
"19.01.2014","2,3982","2,3425","2,4328","2,3275","","2,37%"
"12.01.2014","2,3426","2,3608","2,3777","2,3383","","-0,67%"
"05.01.2014","2,3584","2,3810","2,4036","2,3547","","-0,76%"